HARGA SATUAN DASAR ALAT KABUPATEN JEMBER;;;;;
;;;;;
No;Kode;Uraian;Satuan;Harga Satuan (Rp.);Keterangan
III;;PERALATAN;;;
1;E.01;Alat (Pancang) Hammer (Manual) 0,5 Ton;Sewa-Hari; Rp103.200 ;
2;E.02;Alat (Pancang) Hammer (Manual) 1 Ton;Sewa-Hari; Rp182.200 ;
3;E.03;Alat (Pancang) Hammer (Manual) 2 Ton;Sewa-Hari; Rp262.700 ;
4;E.04;Alat (Mesin Pancang Diesel) Hammer 0,5 Ton;Sewa-Jam; Rp129.800 ;
5;E.05;Alat (Mesin Pancang Diesel) Hammer 1 Ton;Sewa-Jam; Rp192.600 ;
6;E.06;Alat (Mesin Pancang Diesel) Hammer2 Ton;Sewa-Jam; Rp287.600 ;
7;E.07;Alat (Mesin Pancang Diesel) Hammer 3 Ton;Sewa-Jam; Rp417.300 ;
8;E.08;Alat (Mesin Pancang Kompresor Udara) Hammer 3 Ton;Sewa-Jam; Rp317.100 ;
9;E.09;Alat (Mesin Pancang Tenaga Uap) Hammer 3 Ton;Sewa-Jam; Rp318.000 ;
10;E.10;Boat, Speedboat, Motor 10 Hp;Sewa-Hari; Rp1.091.400 ;
11;E.11;Tug-Boat, Motor 50 Hp;Sewa-Hari; Rp3.240.000 ;
12;E.12;Bore Pile Machine, Ø 60 Cm;Sewa-Jam; Rp230.500 ;
13;E.13;Bore Pile Machine, Ø 100 Cm;Sewa-Jam; Rp322.400 ;
14;E.14;Bulldozer 50-60 Hp;Sewa-Jam; Rp179.000 ;
15;E.15;Bulldozer 100-120 Hp;Sewa-Jam; Rp248.300 ;
16;E.16;Bulldozer 180-220 Hp;Sewa-Jam; Rp325.400 ;
17;E.17;Chainsaw;Sewa-Hari; Rp205.700 ;
18;E.18;Crane 2.5 Ton;Sewa-Jam; Rp1.826.700 ;
19;E.19;Crane 5 Ton;Sewa-Jam; Rp2.060.600 ;
20;E.20;Crane 10 Ton;Sewa-Jam; Rp2.189.000 ;
21;E.21;Crane 25 Ton;Sewa-Jam; Rp2.974.200 ;
22;E.22;Dump Truck;Sewa-Jam; Rp326.700 ;
23;E.23;Dump Truck 5 Ton;Sewa-Jam; Rp321.000 ;
24;E.24;Dump Truck 7 Ton;Sewa-Jam; Rp369.900 ;
25;E.25;Dump Truck 10 Ton;Sewa-Jam; Rp583.000 ;
26;E.26;Drilling Rig (Kecil);Sewa-Jam; Rp102.800 ;
27;E.27;Drilling Rig (Sedang);Sewa-Jam; Rp194.400 ;
28;E.28;Drilling Rig (Besar);Sewa-Jam; Rp362.800 ;
29;E.29;Excavator (Kecil)/Backhoe Kecil;Sewa-Jam; Rp216.900 ;
30;E.30;Excavator (Standar)/Backhoe;Sewa-Jam; Rp267.800 ;
31;E.31;Excavator (Long Arm);Sewa-Jam; Rp322.400 ;
32;E.32;Excavator Besar (Long Arm);Sewa-Jam; Rp379.600 ;
33;E.33;Generator Set 5 Kw;Sewa-Jam; Rp82.100 ;
34;E.34;Generator Set 15 Kw;Sewa-Jam; Rp135.200 ;
35;E.35;Generator Set 25 Kw;Sewa-Jam; Rp187.300 ;
36;E.36;Geo Listrik;Sewa-Hari; Rp3.195.000 ;
37;E.37;Grouting Equipment (Mini);Sewa-Jam; Rp192.600 ;
38;E.38;Grouting Equipment;Sewa-Jam; Rp951.100 ;
39;E.39;Jack Hammer 1 Pisau;Sewa-Hari; Rp371.000 ;
40;E.40;Jack Hammer 2 Pisau;Sewa-Hari; Rp481.500 ;
41;E.41;Jack Stressing;Sewa-Hari; Rp563.800 ;
42;E.42;Kapal Keruk (Kecil);Sewa-Hari; Rp9.660.700 ;
43;E.43;Kapal Keruk (Sedang);Sewa-Hari; Rp13.538.700 ;
44;E.44;Kapal Keruk (Besar);Sewa-Hari; Rp22.774.500 ;
45;E.45;Las Listrik 250 A;Sewa-Hari; Rp323.900 ;
46;E.46;Lift (Proyek) Sampai Dengan Tinggi Maksimum 12M;Sewa-Jam; Rp442.500 ;
47;E.47;Loader, Wheel;Sewa-Hari; Rp218.600 ;
48;E.48;Loader, Track;Sewa-Hari; Rp290.200 ;
49;E.49;Mistar Ukur Besi/Alumunium Pelat;Sewa-Hari; Rp390.500 ;
50;E.50;Mimic Panel Untuk 6 Channel Pintu Air;Sewa-Hari; Rp154.728.000 ;
51;E.51;Mesin Jahit Geotekstil;Sewa-Hari; Rp352.500 ;
52;E.52;Mesin Potong Rumput;Sewa-Hari; Rp46.000 ;
53;E.53;Molen (Concrete Mixer 0.25 M3);Sewa-Hari; Rp324.500 ;
54;E.54;Molen (Concrete Mixer 0.35 M3);Sewa-Hari; Rp513.600 ;
55;E.55;Vibro Roller Kecil/Stamper;Sewa-Hari; Rp191.700 ;
56;E.56;Pick Up (Mobil);Sewa-Hari; Rp214.000 ;
57;E.57;"Pompa Air Diesel 2,5 Kw; 3""";Sewa-Jam; Rp13.300 ;
58;E.58;"Pompa Air Diesel 5 Kw; 4""";Sewa-Jam; Rp15.900 ;
59;E.59;"Pompa Air Diesel 10 Kw; 5""";Sewa-Jam; Rp26.800 ;
60;E.60;"Pompa Air Diesel 20 Kw; 8""";Sewa-Jam; Rp43.200 ;
61;E.61;"Pompa Lumpur Diesel 2,5 Kw; 3""";Sewa-Jam; Rp16.100 ;
62;E.62;"Pompa Lumpur Diesel 5 Kw; 4""";Sewa-Jam; Rp24.200 ;
63;E.63;"Pompa Lumpur Diesel 7,5 Kw; 4""";Sewa-Jam; Rp27.200 ;
64;E.64;"Pompa Lumpur Diesel 10 Kw; 5""";Sewa-Jam; Rp57.300 ;
65;E.65;"Pompa Lumpur Diesel 20 Kw; 6""";Sewa-Jam; Rp70.500 ;
66;E.66;"Pompa Lumpur Diesel 50 Kw; 8""";Sewa-Jam; Rp101.800 ;
67;E.67;"Pompa Sedot Pasir Diesel 5 Kw; 4""";Sewa-Jam; Rp25.800 ;
68;E.68;"Pompa Sedot Pasir Diesel 7,5 Kw; 5""";Sewa-Jam; Rp35.200 ;
69;E.69;"Pompa Sedot Pasir Diesel 10 Kw; 5""";Sewa-Jam; Rp44.700 ;
70;E.70;"Pompa Sedot Pasir Diesel 20 Kw; 6""";Sewa-Jam; Rp77.900 ;
71;E.71;"Pompa Sedot Pasir Diesel 50 Kw; 8""";Sewa-Jam; Rp156.900 ;
72;E.72;Pompa Dan Conveyor Beton;Sewa-Hari; Rp256.800 ;
73;E.73;Perahu;Sewa-Hari; Rp317.100 ;
74;E.74;Perahu Jukung 60 Ton;Sewa-Hari; Rp318.000 ;
75;E.75;Ponton Kecil;Sewa-Hari; Rp321.000 ;
76;E.76;Ponton Sedang;Sewa-Hari; Rp648.000 ;
77;E.77;Ponton Besar;Sewa-Hari; Rp971.600 ;
78;E.78;Rakit;Buah; Rp390.500 ;
79;E.79;Roller, Peneumatic;Sewa-Hari; Rp494.900 ;
80;E.80;Roller, Three Wheel 6 - 8 Ton;Sewa-Jam; Rp515.800 ;
81;E.81;Roller, Tire Wheel 6 - 8 Ton;Sewa-Jam; Rp520.600 ;
82;E.82;Roller, Tandem 6 - 10 Ton;Sewa-Jam; Rp383.100 ;
83;E.83;Roller, Vibro 5 - 8 Ton;Sewa-Jam; Rp454.300 ;
84;E.84;Theodolith;Sewa-Hari; Rp192.600 ;
85;E.85;Tongkang;Sewa-Hari; Rp1.086.300 ;
86;E.86;Tongkang 1000 Ton;Sewa-Hari; Rp1.990.200 ;
87;E.87;Tongkang 2000 Ton;Sewa-Hari; Rp3.804.200 ;
88;E.88;Tongkang 4000 Ton;Sewa-Hari; Rp6.360.000 ;
89;E.89;Truck 3,5 M3;Sewa-Hari; Rp428.000 ;
90;E.90;Truck 5 M3;Sewa-Hari; Rp486.000 ;
91;E.91;Truck 7 M3;Sewa-Hari; Rp533.500 ;
92;E.92;Truck 10 M3;Sewa-Hari; Rp591.000 ;
93;E.93;Truck 15 M3;Sewa-Hari; Rp650.700 ;
94;E.94;Truck 20 M3;Sewa-Hari; Rp701.700 ;
95;E.95;Trawl Ø Lubang 5Mm, Panjang 250 M;Sewa-Hari; Rp390.500 ;
96;E.96;Tripod/Tackle&handle /Crane 2T;Sewa-Hari; Rp128.600 ;
97;E.97;Tripod Tinggi 5 M;Sewa-Hari; Rp161.200 ;
98;E.98;Tripod Tinggi 7 M;Sewa-Hari; Rp189.800 ;
99;E.99;Water Tank Truck;Sewa-Jam; Rp241.800 ;
100;E.100;Waterpass;Sewa-Hari; Rp130.200 ;
101;E.101;Amplas Listrik;Sewa-Hari; Rp19.800 ;
102;E.102;Bodem;Buah; Rp68.800 ;
103;E.103;Bor Listrik;Sewa-Hari; Rp32.100 ;
104;E.104;Ember;Buah; Rp6.400 ;
105;E.105;Gergaji Besi (Gergaji);Buah; Rp112.400 ;
106;E.106;Gergaji Listrik (Rotator) Besar;Sewa-Hari; Rp190.300 ;
107;E.107;Gergaji Listrik (Rotator) Kecil;Sewa-Hari; Rp95.400 ;
108;E.108;Gunting Pemotong Baja;Buah; Rp3.210.000 ;
109;E.109;Kamera Slr;Sewa-Hari; Rp324.000 ;
110;E.110;Kayu Kasut;Buah; Rp6.500 ;
111;E.111;Kayu Pemikul + Tampar;Unit; Rp15.500 ;
112;E.112;Kereta Dorong;Unit; Rp156.200 ;
113;E.113;Ketam Listrik + Aksesoris;Sewa-Hari; Rp64.800 ;
114;E.114;Kotak Adukan (Dolak Kayu);Buah; Rp32.600 ;
115;E.115;"Kuas/Kwas 2""-4""";Buah; Rp16.800 ;
116;E.116;Kunci Pembengkok Tulangan (Baja Keras);Buah; Rp10.400 ;
117;E.117;Linggis (Baja Keras);Buah; Rp325.400 ;
118;E.118;Pahat Beton (Baja Keras);Buah; Rp295.600 ;
119;E.119;Palu/Godam;Buah; Rp324.500 ;
120;E.120;Plotter Uk. A1/A0;Sewa-Bulan; Rp3.267.000 ;
121;E.121;Roll Meter;Buah; Rp449.400 ;
122;E.122;Scanner A4;Sewa-Bulan; Rp63.500 ;
123;E.123;Slepan Dan/Atau Gerinda;Sewa-Hari; Rp19.100 ;
124;E.124;Tang / Alat Pemotong Kawat;Buah; Rp32.100 ;
125;E.125;Timbris;Sewa-Hari; Rp19.500 ;
126;E.126;Tusuk Bambu;Buah; Rp3.300 ;
127;E.127;Geotekstil Mesin Jahit;Sewa-hari; Rp352.500 ;
128;E.128;Compressor;Sewa-Jam; Rp214.300 ;
129;E.129;Cold Milling;Sewa-Jam; Rp1.692.400 ;
130;E.130;Wheel Loader;Sewa-Jam; Rp374.200 ;
131;E.131;Vibrator Roller;Sewa-Jam; Rp522.100 ;
132;E.132;Three Wheel Roller;Sewa-Jam; Rp381.800 ;
133;E.133;Batching Plant;Sewa-Jam; Rp2.140.000 ;
134;E.134;Motor Grader;Sewa-Jam; Rp806.300 ;
135;E.135;P. Tyre Roller;Sewa-Jam; Rp374.500 ;
136;E.136;Asphalt Distributor;Sewa-Jam; Rp290.600 ;
137;E.137;Asphalt Liquid Mixer;Sewa-Jam; Rp424.000 ;
138;E.138;Pedestrian Roller;Sewa-Jam; Rp171.200 ;
139;E.139;Asphalt Sprayer;Sewa-Jam; Rp216.000 ;
140;E.140;Air Compressor;Sewa-Jam; Rp213.400 ;
141;E.141;Asphalt Mixing Plant;Sewa-Jam; Rp6.447.000 ;
142;E.142;Asphalt Finisher;Sewa-Jam; Rp417.600 ;
143;E.143;Concrete Vibrator;Sewa-Jam; Rp97.200 ;
144;E.144;Flat Bed Truck;Sewa-Jam; Rp265.800 ;
145;E.145;Trailler;Sewa-Jam; Rp589.200 ;
146;E.146;Pile Driver Hammer;Sewa-Jam; Rp376.100 ;
147;E.147;pipe support;Buah hari; Rp70.500 ;
148;E.148;alat Perakitan Baja IWF;Sewa-Jam; Rp268.700 ;
149;E.149;potong pipa T1/manual (gergaji) /saw;Sewa-Jam; Rp43.400 ;
150;E.150;potong pipa T2/mekanik / cilinder;Sewa-Jam; Rp60.200 ;
151;E.151;potong pipa T2/mekanik / cilinder saw;Sewa-Jam; Rp59.500 ;
